"area_cont","area_ctry","area_name","area_code","proj","for2000","for2010","for2020","d","p","for2030","for2040","for2050","for2055","for2060","for2070","for2080","for2085","for2090","for2100","for2110","loss21","yrdis"
"America","Antigua and B.","Antigua and B.","ATG","low",4,4,3,22,0.6,3,3,2,2,2,2,2,2,1,1,1,69,"2157"
"America","Antigua and B.","Antigua and B.","ATG","mean",4,4,3,52,1.6,3,2,1,1,1,0,0,0,0,0,0,100,"2078"
"America","Antigua and B.","Antigua and B.","ATG","high",4,4,3,83,2.6,2,1,1,0,0,0,0,0,0,0,0,100,"2056"
"America","Bahamas","Bahamas","BHS","low",152,115,98,813,0.7,90,82,73,69,65,57,49,45,41,33,25,78,"2140"
"America","Bahamas","Bahamas","BHS","mean",152,115,98,1657,1.5,81,65,48,40,32,15,0,0,0,0,0,100,"2079"
"America","Bahamas","Bahamas","BHS","high",152,115,98,2502,2.4,73,48,23,10,0,0,0,0,0,0,0,100,"2059"
"America","Barbados","Barbados","BRB","low",4,4,3,18,0.5,3,3,3,3,3,2,2,2,2,2,2,56,"2208"
"America","Barbados","Barbados","BRB","mean",4,4,3,64,1.7,3,2,1,1,1,0,0,0,0,0,0,100,"2072"
"America","Barbados","Barbados","BRB","high",4,4,3,110,3.1,2,1,0,0,0,0,0,0,0,0,0,100,"2050"
"America","Belize","Belize","BLZ","low",1421,1328,1198,7657,0.6,1122,1045,968,930,892,815,739,700,662,586,509,59,"2176"
"America","Belize","Belize","BLZ","mean",1421,1328,1198,12996,1,1068,938,808,743,678,548,418,353,288,158,28,89,"2112"
"America","Belize","Belize","BLZ","high",1421,1328,1198,18334,1.5,1015,831,648,556,465,281,98,6,0,0,0,100,"2085"
"America","Bolivia","Bolivia","BOL","low",32621,30485,28739,96497,0.3,27774,26809,25844,25361,24879,23914,22949,22466,21984,21019,20054,36,"2317"
"America","Bolivia","Bolivia","BOL","mean",32621,30485,28739,174616,0.6,26992,25246,23500,22627,21754,20008,18262,17388,16515,14769,13023,55,"2184"
"America","Bolivia","Bolivia","BOL","high",32621,30485,28739,252735,0.9,26211,23684,21156,19893,18629,16102,13574,12311,11047,8520,5992,74,"2133"
"America","Brazil","Brazil – Acre","AC","low",13912,13307,12860,38303,0.3,12477,12094,11711,11520,11328,10937,10536,10332,10127,9715,9284,30,"2204"
"America","Brazil","Brazil – Acre","AC","mean",13912,13307,12860,44684,0.3,12414,11967,11509,11264,11016,10501,9943,9655,9367,8781,8124,37,"2160"
"America","Brazil","Brazil – Acre","AC","high",13912,13307,12860,51065,0.4,12350,11832,11254,10943,10612,9915,9193,8814,8399,7246,5124,48,"2130"
"America","Brazil","Brazil – Alagoas","AL","low",112,98,89,477,0.5,84,79,74,72,70,56,34,19,3,0,0,100,"2092"
"America","Brazil","Brazil – Alagoas","AL","mean",112,98,89,901,1,80,71,51,25,0,0,0,0,0,0,0,100,"2060"
"America","Brazil","Brazil – Alagoas","AL","high",112,98,89,1325,1.4,76,55,0,0,0,0,0,0,0,0,0,100,"2048"
"America","Brazil","Brazil – Amapa","AP","low",11730,11565,11458,7654,0.1,11382,11305,11229,11190,11152,11067,10973,10922,10870,10765,10640,8,"2234"
"America","Brazil","Brazil – Amapa","AP","mean",11730,11565,11458,10677,0.1,11351,11245,11127,11052,10974,10799,10581,10463,10345,10099,9782,14,"2173"
"America","Brazil","Brazil – Amapa","AP","high",11730,11565,11458,13699,0.1,11321,11177,10972,10848,10704,10381,10032,9841,9612,8833,7085,25,"2138"
"America","Brazil","Brazil – Amazonas","AM","low",148095,146852,145346,104470,0.1,144301,143256,142211,141689,141167,140114,139051,138516,137981,136907,135814,8,"2350"
"America","Brazil","Brazil – Amazonas","AM","mean",148095,146852,145346,150663,0.1,143839,142332,140815,140040,139262,137687,136069,135252,134434,132788,131071,10,"2264"
"America","Brazil","Brazil – Amazonas","AM","high",148095,146852,145346,196856,0.1,143377,141401,139365,138325,137265,135110,132930,131823,130679,128068,124488,14,"2213"
"America","Brazil","Brazil – Bahia","BA","low",2521,2097,1936,9030,0.4,1846,1755,1665,1620,1575,1476,1368,1311,1252,1133,994,55,"2150"
"America","Brazil","Brazil – Bahia","BA","mean",2521,2097,1936,16103,0.8,1775,1614,1442,1340,1235,1005,733,589,444,143,0,94,"2105"
"America","Brazil","Brazil – Bahia","BA","high",2521,2097,1936,23176,1.2,1704,1465,1166,995,803,385,0,0,0,0,0,100,"2079"
"America","Brazil","Brazil – Ceara","CE","low",57,48,40,454,1,35,31,26,24,22,9,0,0,0,0,0,100,"2075"
"America","Brazil","Brazil – Ceara","CE","mean",57,48,40,849,1.9,31,23,3,0,0,0,0,0,0,0,0,100,"2051"
"America","Brazil","Brazil – Ceara","CE","high",57,48,40,1243,2.9,27,7,0,0,0,0,0,0,0,0,0,100,"2042"
"America","Brazil","Brazil – Espirito Santo","ES","low",487,417,387,1202,0.3,375,363,351,345,339,319,289,270,251,210,150,57,"2128"
"America","Brazil","Brazil – Espirito Santo","ES","mean",487,417,387,2945,0.7,358,328,288,251,212,114,0,0,0,0,0,100,"2079"
"America","Brazil","Brazil – Espirito Santo","ES","high",487,417,387,4689,1.2,340,286,172,93,0,0,0,0,0,0,0,100,"2060"
"America","Brazil","Brazil – Goias","GO","low",644,481,358,8147,1.8,277,195,114,73,32,0,0,0,0,0,0,100,"2064"
"America","Brazil","Brazil – Goias","GO","mean",644,481,358,12241,2.9,236,113,0,0,0,0,0,0,0,0,0,100,"2049"
"America","Brazil","Brazil – Goias","GO","high",644,481,358,16335,4.1,195,24,0,0,0,0,0,0,0,0,0,100,"2042"
"America","Brazil","Brazil – Maranhao","MA","low",5638,3930,3259,37602,1,2883,2507,2131,1943,1755,1371,977,777,575,170,0,97,"2105"
"America","Brazil","Brazil – Maranhao","MA","mean",5638,3930,3259,67024,1.9,2589,1919,1238,881,521,0,0,0,0,0,0,100,"2068"
"America","Brazil","Brazil – Maranhao","MA","high",5638,3930,3259,96446,2.8,2295,1323,291,0,0,0,0,0,0,0,0,100,"2053"
"America","Brazil","Brazil – Mato Grosso","MT","low",40368,33283,30333,236938,0.7,27964,25594,23225,22040,20856,18478,16091,14894,13695,11297,8880,72,"2146"
"America","Brazil","Brazil – Mato Grosso","MT","mean",40368,33283,30333,294945,0.9,27384,24434,21474,19977,18478,15460,12400,10861,9322,6233,3073,85,"2120"
"America","Brazil","Brazil – Mato Grosso","MT","high",40368,33283,30333,352951,1.1,26804,23267,19670,17849,16009,12293,8552,6664,4740,568,0,99,"2102"
"America","Brazil","Brazil – Mato Grosso do Sul","MS","low",871,736,654,6016,0.8,593,533,473,443,413,344,267,224,180,91,0,90,"2109"
"America","Brazil","Brazil – Mato Grosso do Sul","MS","mean",871,736,654,8193,1.2,572,490,397,334,269,118,0,0,0,0,0,100,"2077"
"America","Brazil","Brazil – Mato Grosso do Sul","MS","high",871,736,654,10370,1.5,550,439,268,160,33,0,0,0,0,0,0,100,"2062"
"America","Brazil","Brazil – Minas Gerais","MG","low",1824,1277,954,16580,1.4,788,622,457,374,291,117,0,0,0,0,0,100,"2077"
"America","Brazil","Brazil – Minas Gerais","MG","mean",1824,1277,954,32323,2.9,631,308,0,0,0,0,0,0,0,0,0,100,"2050"
"America","Brazil","Brazil – Minas Gerais","MG","high",1824,1277,954,48067,4.6,473,0,0,0,0,0,0,0,0,0,0,100,"2040"
"America","Brazil","Brazil – Para","PA","low",100168,91982,87764,346357,0.4,84300,80836,77373,75641,73909,70437,66956,65212,63467,59974,56462,40,"2242"
"America","Brazil","Brazil – Para","PA","mean",100168,91982,87764,421863,0.5,83545,79326,75097,72966,70832,66545,62215,60042,57868,53510,49081,47,"2189"
"America","Brazil","Brazil – Para","PA","high",100168,91982,87764,497370,0.6,82790,77809,72768,70225,67663,62502,57318,54708,52061,46445,39860,54,"2157"
"America","Brazil","Brazil – Paraiba","PB","low",46,41,38,122,0.3,37,35,34,33,33,23,4,0,0,0,0,100,"2082"
"America","Brazil","Brazil – Paraiba","PB","mean",46,41,38,308,0.8,35,32,18,0,0,0,0,0,0,0,0,100,"2054"
"America","Brazil","Brazil – Paraiba","PB","high",46,41,38,494,1.3,33,21,0,0,0,0,0,0,0,0,0,100,"2044"
"America","Brazil","Brazil – Parana","PR","low",3202,2673,2475,12721,0.5,2348,2221,2094,2030,1966,1831,1686,1610,1533,1376,1201,57,"2151"
"America","Brazil","Brazil – Parana","PR","mean",3202,2673,2475,19780,0.8,2277,2080,1871,1750,1627,1361,1052,889,725,388,0,88,"2110"
"America","Brazil","Brazil – Parana","PR","high",3202,2673,2475,26839,1.1,2207,1931,1595,1405,1196,741,261,4,0,0,0,100,"2086"
"America","Brazil","Brazil – Pernambouco","PE","low",138,119,109,432,0.4,105,101,96,94,92,79,57,43,27,0,0,100,"2099"
"America","Brazil","Brazil – Pernambouco","PE","mean",138,119,109,936,0.8,100,91,70,44,15,0,0,0,0,0,0,100,"2063"
"America","Brazil","Brazil – Pernambouco","PE","high",138,119,109,1439,1.3,95,73,0,0,0,0,0,0,0,0,0,100,"2050"
"America","Brazil","Brazil – Piaui","PI","low",104,74,55,846,1.2,46,38,29,25,21,4,0,0,0,0,0,100,"2072"
"America","Brazil","Brazil – Piaui","PI","mean",104,74,55,1967,3,35,15,0,0,0,0,0,0,0,0,0,100,"2047"
"America","Brazil","Brazil – Piaui","PI","high",104,74,55,3087,5.2,24,0,0,0,0,0,0,0,0,0,0,100,"2038"
"America","Brazil","Brazil – Rio de Janeiro","RJ","low",820,736,694,1141,0.2,683,672,660,654,649,629,600,582,563,522,463,36,"2145"
"America","Brazil","Brazil – Rio de Janeiro","RJ","mean",820,736,694,4143,0.6,653,612,559,517,472,362,209,124,39,0,0,100,"2093"
"America","Brazil","Brazil – Rio de Janeiro","RJ","high",820,736,694,7146,1,623,544,405,314,203,0,0,0,0,0,0,100,"2069"
"America","Brazil","Brazil – Rio Grande do Norte","RN","low",31,25,22,195,0.8,20,18,16,15,14,3,0,0,0,0,0,100,"2073"
"America","Brazil","Brazil – Rio Grande do Norte","RN","mean",31,25,22,312,1.3,19,15,1,0,0,0,0,0,0,0,0,100,"2051"
"America","Brazil","Brazil – Rio Grande do Norte","RN","high",31,25,22,428,1.9,17,6,0,0,0,0,0,0,0,0,0,100,"2042"
"America","Brazil","Brazil – Rio Grande do Sul","RS","low",2533,2214,2074,9402,0.4,1980,1886,1792,1745,1698,1595,1484,1424,1364,1241,1099,51,"2152"
"America","Brazil","Brazil – Rio Grande do Sul","RS","mean",2533,2214,2074,14004,0.7,1934,1794,1643,1551,1457,1248,997,863,728,449,98,82,"2112"
"America","Brazil","Brazil – Rio Grande do Sul","RS","high",2533,2214,2074,18607,0.9,1888,1694,1441,1292,1124,751,354,138,0,0,0,100,"2088"
"America","Brazil","Brazil – Rondonia","RO","low",16500,13800,12436,114420,0.9,11292,10148,9003,8431,7859,6707,5545,4960,4375,3201,2009,81,"2127"
"America","Brazil","Brazil – Rondonia","RO","mean",16500,13800,12436,136426,1,11072,9707,8332,7629,6922,5489,4014,3267,2521,1017,0,94,"2107"
"America","Brazil","Brazil – Rondonia","RO","high",16500,13800,12436,158431,1.2,10852,9260,7608,6760,5893,4122,2326,1411,459,0,0,100,"2093"
"America","Brazil","Brazil – Roraima","RR","low",16715,16228,15593,20622,0.1,15386,15180,14974,14871,14768,14553,14329,14214,14097,13862,13608,17,"2241"
"America","Brazil","Brazil – Roraima","RR","mean",16715,16228,15593,63551,0.4,14957,14322,13675,13336,12993,12290,11543,11161,10779,10004,9158,40,"2161"
"America","Brazil","Brazil – Roraima","RR","high",16715,16228,15593,106479,0.7,14528,13456,12324,11735,11128,9876,8600,7945,7252,5545,2869,67,"2121"
"America","Brazil","Brazil – Santa Catarina","SC","low",2934,2485,2355,9833,0.4,2256,2158,2060,2011,1961,1855,1739,1677,1614,1487,1341,49,"2155"
"America","Brazil","Brazil – Santa Catarina","SC","mean",2934,2485,2355,13020,0.5,2224,2094,1953,1866,1777,1578,1337,1208,1078,808,468,72,"2119"
"America","Brazil","Brazil – Santa Catarina","SC","high",2934,2485,2355,16208,0.7,2193,2023,1794,1657,1500,1152,778,574,333,0,0,100,"2096"
"America","Brazil","Brazil – Sao Paulo","SP","low",3029,2781,2653,6930,0.3,2583,2514,2445,2410,2376,2298,2211,2164,2116,2017,1900,33,"2163"
"America","Brazil","Brazil – Sao Paulo","SP","mean",3029,2781,2653,12862,0.5,2524,2395,2256,2170,2081,1884,1645,1516,1387,1119,780,63,"2122"
"America","Brazil","Brazil – Sao Paulo","SP","high",3029,2781,2653,18794,0.7,2465,2269,2014,1865,1695,1320,921,704,450,0,0,100,"2097"
"America","Brazil","Brazil – Sergipe","SE","low",74,61,54,226,0.4,52,50,48,47,45,35,15,1,0,0,0,100,"2086"
"America","Brazil","Brazil – Sergipe","SE","mean",74,61,54,656,1.1,48,41,24,0,0,0,0,0,0,0,0,100,"2055"
"America","Brazil","Brazil – Sergipe","SE","high",74,61,54,1086,1.9,44,25,0,0,0,0,0,0,0,0,0,100,"2044"
"America","Brazil","Brazil – Tocantins","TO","low",1731,1341,954,22144,1.8,732,511,289,179,68,0,0,0,0,0,0,100,"2064"
"America","Brazil","Brazil – Tocantins","TO","mean",1731,1341,954,38777,3.4,566,178,0,0,0,0,0,0,0,0,0,100,"2045"
"America","Brazil","Brazil – Tocantins","TO","high",1731,1341,954,55410,5.2,400,0,0,0,0,0,0,0,0,0,0,100,"2038"
"America","Colombia","Colombia","COL","low",70049,66802,64254,212523,0.3,62129,60004,57879,56816,55753,53628,51503,50440,49378,47252,45127,33,"2322"
"America","Colombia","Colombia","COL","mean",70049,66802,64254,254796,0.4,61706,59158,56610,55336,54062,51514,48966,47692,46419,43871,41323,37,"2272"
"America","Colombia","Colombia","COL","high",70049,66802,64254,297069,0.5,61284,58313,55342,53857,52371,49401,46430,44945,43459,40489,37518,42,"2236"
"America","Costa Rica","Costa Rica","CRI","low",2412,2277,2132,9291,0.4,2039,1946,1853,1806,1760,1667,1574,1528,1481,1388,1295,42,"2249"
"America","Costa Rica","Costa Rica","CRI","mean",2412,2277,2132,14520,0.7,1986,1841,1696,1623,1551,1406,1260,1188,1115,970,825,60,"2166"
"America","Costa Rica","Costa Rica","CRI","high",2412,2277,2132,19748,0.9,1934,1737,1539,1440,1342,1144,947,848,749,552,354,77,"2127"
"America","Cuba","Cuba","CUB","low",1521,1297,1155,7725,0.6,1078,1001,923,885,846,769,692,653,614,537,460,65,"2169"
"America","Cuba","Cuba","CUB","mean",1521,1297,1155,14086,1.1,1014,873,732,662,592,451,310,239,169,28,0,98,"2101"
"America","Cuba","Cuba","CUB","high",1521,1297,1155,20446,1.7,951,746,542,439,337,133,0,0,0,0,0,100,"2076"
"America","Dominica","Dominica","DMA","low",71,70,67,126,0.2,66,65,64,63,62,61,60,59,59,57,56,19,"2555"
"America","Dominica","Dominica","DMA","mean",71,70,67,254,0.4,65,62,60,59,57,55,52,51,50,47,45,33,"2285"
"America","Dominica","Dominica","DMA","high",71,70,67,383,0.6,64,60,56,54,52,48,44,43,41,37,33,48,"2196"
"America","Dominican Rep.","Dominican Rep.","DOM","low",1254,993,871,6964,0.7,802,732,662,627,593,523,453,418,384,314,244,75,"2145"
"America","Dominican Rep.","Dominican Rep.","DOM","mean",1254,993,871,12164,1.3,750,628,506,445,385,263,141,80,20,0,0,100,"2091"
"America","Dominican Rep.","Dominican Rep.","DOM","high",1254,993,871,17364,1.9,698,524,350,263,177,3,0,0,0,0,0,100,"2070"
"America","Ecuador","Ecuador","ECU","low",15460,14903,14391,31232,0.2,14079,13766,13454,13298,13142,12829,12517,12361,12205,11892,11580,23,"2480"
"America","Ecuador","Ecuador","ECU","mean",15460,14903,14391,51193,0.3,13879,13367,12855,12599,12343,11831,11319,11063,10807,10295,9784,33,"2301"
"America","Ecuador","Ecuador","ECU","high",15460,14903,14391,71154,0.5,13679,12968,12256,11901,11545,10833,10122,9766,9410,8699,7987,44,"2222"
"America","El Salvador","El Salvador","SLV","low",129,109,97,796,0.8,89,81,73,69,65,57,49,45,41,33,25,74,"2141"
"America","El Salvador","El Salvador","SLV","mean",129,109,97,1220,1.2,84,72,60,54,48,36,23,17,11,0,0,100,"2099"
"America","El Salvador","El Salvador","SLV","high",129,109,97,1645,1.6,80,64,47,39,31,14,0,0,0,0,0,100,"2078"
"America","French Guiana","French Guiana","GUF","low",8118,8088,8064,1922,0,8045,8026,8007,7997,7988,7968,7949,7940,7930,7911,7891,3,"6215"
"America","French Guiana","French Guiana","GUF","mean",8118,8088,8064,2390,0,8041,8017,7993,7981,7969,7945,7921,7909,7897,7873,7849,3,"5394"
"America","French Guiana","French Guiana","GUF","high",8118,8088,8064,2857,0,8036,8007,7979,7964,7950,7922,7893,7879,7864,7836,7807,3,"4842"
"America","Grenada","Grenada","GRD","low",26,22,19,57,0.3,19,18,17,17,17,16,16,15,15,15,14,43,"2355"
"America","Grenada","Grenada","GRD","mean",26,22,19,264,1.3,17,14,11,10,9,6,3,2,1,0,0,100,"2092"
"America","Grenada","Grenada","GRD","high",26,22,19,470,2.4,14,10,5,3,0,0,0,0,0,0,0,100,"2060"
"America","Guadeloupe","Guadeloupe","GLP","low",80,77,73,237,0.3,71,69,66,65,64,62,59,58,57,54,52,32,"2329"
"America","Guadeloupe","Guadeloupe","GLP","mean",80,77,73,370,0.5,70,66,62,61,59,55,51,49,48,44,40,45,"2218"
"America","Guadeloupe","Guadeloupe","GLP","high",80,77,73,502,0.7,68,63,58,56,53,48,43,41,38,33,28,58,"2166"
"America","Guatemala","Guatemala","GTM","low",3449,2702,2275,33295,1.3,1942,1610,1277,1110,944,611,278,111,0,0,0,100,"2088"
"America","Guatemala","Guatemala","GTM","mean",3449,2702,2275,42648,1.7,1849,1422,996,783,570,143,0,0,0,0,0,100,"2073"
"America","Guatemala","Guatemala","GTM","high",3449,2702,2275,52000,2.1,1755,1235,715,455,195,0,0,0,0,0,0,100,"2063"
"America","Guyana","Guyana","GUY","low",18618,18489,18366,8474,0,18281,18196,18111,18069,18027,17942,17857,17815,17772,17688,17603,5,"4187"
"America","Guyana","Guyana","GUY","mean",18618,18489,18366,12342,0.1,18242,18119,17995,17934,17872,17749,17625,17563,17502,17378,17255,7,"3508"
"America","Guyana","Guyana","GUY","high",18618,18489,18366,16210,0.1,18204,18041,17879,17798,17717,17555,17393,17312,17231,17069,16907,8,"3152"
"America","Haiti","Haiti","HTI","low",247,162,122,2655,1.8,96,69,43,29,16,0,0,0,0,0,0,100,"2066"
"America","Haiti","Haiti","HTI","mean",247,162,122,4001,2.8,82,42,2,0,0,0,0,0,0,0,0,100,"2050"
"America","Haiti","Haiti","HTI","high",247,162,122,5346,3.9,69,15,0,0,0,0,0,0,0,0,0,100,"2042"
"America","Honduras","Honduras","HND","low",3384,2993,2569,31042,1.1,2258,1948,1637,1482,1327,1016,706,551,396,85,0,97,"2102"
"America","Honduras","Honduras","HND","mean",3384,2993,2569,42409,1.5,2144,1720,1296,1084,872,448,24,0,0,0,0,100,"2080"
"America","Honduras","Honduras","HND","high",3384,2993,2569,53775,2,2031,1493,955,686,418,0,0,0,0,0,0,100,"2067"
"America","Jamaica","Jamaica","JAM","low",472,421,395,1403,0.3,381,367,353,346,339,325,311,304,297,283,269,40,"2301"
"America","Jamaica","Jamaica","JAM","mean",472,421,395,2572,0.6,370,344,318,305,293,267,241,228,215,190,164,60,"2173"
"America","Jamaica","Jamaica","JAM","high",472,421,395,3741,0.9,358,321,283,264,246,208,171,152,134,96,59,80,"2125"
"America","Martinique","Martinique","MTQ","low",73,70,66,229,0.3,64,61,59,58,57,55,52,51,50,48,45,34,"2308"
"America","Martinique","Martinique","MTQ","mean",73,70,66,400,0.6,62,58,54,52,50,46,42,40,38,34,30,53,"2185"
"America","Martinique","Martinique","MTQ","high",73,70,66,571,0.8,60,55,49,46,43,38,32,29,26,20,15,72,"2135"
"America","Mexico","Mexico","MEX","low",9098,7390,6264,85558,1.2,5408,4553,3697,3269,2842,1986,1130,703,275,0,0,100,"2093"
"America","Mexico","Mexico","MEX","mean",9098,7390,6264,112620,1.6,5138,4012,2885,2322,1759,633,0,0,0,0,0,100,"2075"
"America","Mexico","Mexico","MEX","high",9098,7390,6264,139682,2.1,4867,3470,2073,1375,677,0,0,0,0,0,0,100,"2064"
"America","Montserrat","Montserrat","MSR","low",3,3,3,3,0.1,3,3,3,3,3,3,3,3,3,3,3,11,"3118"
"America","Montserrat","Montserrat","MSR","mean",3,3,3,7,0.2,3,3,3,3,3,3,3,3,3,3,3,20,"2490"
"America","Montserrat","Montserrat","MSR","high",3,3,3,11,0.3,3,3,3,3,3,3,3,3,3,2,2,29,"2319"
"America","Nicaragua","Nicaragua","NIC","low",4926,4262,3408,47013,1.2,2938,2467,1997,1762,1527,1057,587,352,117,0,0,100,"2092"
"America","Nicaragua","Nicaragua","NIC","mean",4926,4262,3408,85457,2.2,2553,1699,844,417,0,0,0,0,0,0,0,100,"2059"
"America","Nicaragua","Nicaragua","NIC","high",4926,4262,3408,123901,3.4,2169,930,0,0,0,0,0,0,0,0,0,100,"2047"
"America","Panama","Panama","PAN","low",4423,4204,4012,13907,0.3,3873,3734,3595,3525,3455,3316,3177,3108,3038,2899,2760,34,"2308"
"America","Panama","Panama","PAN","mean",4423,4204,4012,19202,0.5,3820,3628,3436,3340,3244,3052,2860,2764,2668,2476,2284,44,"2228"
"America","Panama","Panama","PAN","high",4423,4204,4012,24496,0.6,3767,3522,3277,3154,3032,2787,2542,2420,2297,2052,1807,54,"2183"
"America","Paraguay","Paraguay","PRY","low",2359,1440,1090,19137,1.4,899,708,516,421,325,134,0,0,0,0,0,100,"2076"
"America","Paraguay","Paraguay","PRY","mean",2359,1440,1090,34950,2.7,741,391,42,0,0,0,0,0,0,0,0,100,"2051"
"America","Paraguay","Paraguay","PRY","high",2359,1440,1090,50764,4.3,583,75,0,0,0,0,0,0,0,0,0,100,"2041"
"America","Peru","Peru","PER","low",73255,71901,70775,95602,0.1,69819,68863,67907,67429,66951,65995,65039,64561,64082,63126,62170,14,"2760"
"America","Peru","Peru","PER","mean",73255,71901,70775,112691,0.2,69648,68521,67394,66830,66267,65140,64013,63450,62886,61759,60632,16,"2648"
"America","Peru","Peru","PER","high",73255,71901,70775,129780,0.2,69477,68179,66881,66232,65583,64286,62988,62339,61690,60392,59094,18,"2565"
"America","Puerto Rico","Puerto Rico","PRI","low",423,358,321,1566,0.4,305,290,274,266,258,243,227,219,211,196,180,54,"2225"
"America","Puerto Rico","Puerto Rico","PRI","mean",423,358,321,3688,1.1,284,247,210,192,174,137,100,81,63,26,0,94,"2107"
"America","Puerto Rico","Puerto Rico","PRI","high",423,358,321,5809,1.8,263,205,147,118,89,31,0,0,0,0,0,100,"2075"
"America","Saint Kitts and N.","Saint Kitts and N.","KNA","low",9,9,9,12,0.1,9,8,8,8,8,8,8,8,8,8,8,17,"2739"
"America","Saint Kitts and N.","Saint Kitts and N.","KNA","mean",9,9,9,34,0.4,8,8,8,7,7,7,7,6,6,6,6,36,"2273"
"America","Saint Kitts and N.","Saint Kitts and N.","KNA","high",9,9,9,56,0.6,8,8,7,7,6,6,5,5,5,4,4,55,"2174"
"America","Saint Lucia","Saint Lucia","LCA","low",47,47,44,124,0.3,43,42,40,40,39,38,37,36,35,34,33,28,"2375"
"America","Saint Lucia","Saint Lucia","LCA","mean",47,47,44,261,0.6,41,39,36,35,34,31,28,27,26,23,21,51,"2188"
"America","Saint Lucia","Saint Lucia","LCA","high",47,47,44,398,0.9,40,36,32,30,28,24,20,18,16,12,8,74,"2130"
"America","Saint Martin","Saint Martin","MAF","low",1,1,0,4,0.7,0,0,0,0,0,0,0,0,0,0,0,100,"2099"
"America","Saint Martin","Saint Martin","MAF","mean",1,1,0,24,5.4,0,0,0,0,0,0,0,0,0,0,0,100,"2033"
"America","Saint Martin","Saint Martin","MAF","high",1,1,0,44,14.3,0,0,0,0,0,0,0,0,0,0,0,100,"2027"
"America","Saint Vincent","Saint Vincent","VCT","low",29,28,27,54,0.2,27,26,26,26,25,25,24,24,24,23,23,20,"2527"
"America","Saint Vincent","Saint Vincent","VCT","mean",29,28,27,106,0.4,26,25,24,24,23,22,21,21,20,19,18,34,"2278"
"America","Saint Vincent","Saint Vincent","VCT","high",29,28,27,159,0.6,26,24,23,22,21,19,18,17,16,15,13,49,"2192"
"America","Sint Maarten","Sint Maarten","SXM","low",0,0,0,2,1,0,0,0,0,0,0,0,0,0,0,0,100,"2078"
"America","Sint Maarten","Sint Maarten","SXM","mean",0,0,0,10,6,0,0,0,0,0,0,0,0,0,0,0,100,"2031"
"America","Sint Maarten","Sint Maarten","SXM","high",0,0,0,18,16.4,0,0,0,0,0,0,0,0,0,0,0,100,"2026"
"America","Suriname","Suriname","SUR","low",13814,13727,13624,8044,0.1,13544,13463,13383,13342,13302,13222,13141,13101,13061,12980,12900,6,"3713"
"America","Suriname","Suriname","SUR","mean",13814,13727,13624,10316,0.1,13521,13418,13315,13263,13211,13108,13005,12953,12902,12799,12696,7,"3340"
"America","Suriname","Suriname","SUR","high",13814,13727,13624,12589,0.1,13498,13372,13246,13183,13120,12995,12869,12806,12743,12617,12491,9,"3102"
"America","Trinidad and Tobago","Trinidad and Tobago","TTO","low",349,330,307,382,0.1,303,299,295,293,291,287,284,282,280,276,272,21,"2822"
"America","Trinidad and Tobago","Trinidad and Tobago","TTO","mean",349,330,307,2355,0.7,283,259,236,224,212,189,165,153,142,118,95,66,"2150"
"America","Trinidad and Tobago","Trinidad and Tobago","TTO","high",349,330,307,4328,1.4,263,220,177,155,133,90,47,25,4,0,0,100,"2090"
"America","Venezuela","Venezuela","VEN","low",44743,42913,41430,99388,0.2,40436,39442,38448,37951,37454,36461,35467,34970,34473,33479,32485,25,"2436"
"America","Venezuela","Venezuela","VEN","mean",44743,42913,41430,148279,0.4,39947,38464,36982,36240,35499,34016,32533,31792,31050,29568,28085,34,"2299"
"America","Venezuela","Venezuela","VEN","high",44743,42913,41430,197169,0.5,39458,37487,35515,34529,33543,31572,29600,28614,27628,25656,23685,43,"2230"
"America","Virgin Isl. UK","Virgin Isl. UK","VGB","low",4,3,2,28,1,2,1,1,1,1,0,0,0,0,0,0,100,"2086"
"America","Virgin Isl. UK","Virgin Isl. UK","VGB","mean",4,3,2,96,4,1,0,0,0,0,0,0,0,0,0,0,100,"2039"
"America","Virgin Isl. UK","Virgin Isl. UK","VGB","high",4,3,2,164,8.3,0,0,0,0,0,0,0,0,0,0,0,100,"2031"
"America","Virgin Isl. US","Virgin Isl. US","VIR","low",9,8,7,32,0.4,6,6,6,6,5,5,5,5,4,4,4,55,"2228"
"America","Virgin Isl. US","Virgin Isl. US","VIR","mean",9,8,7,137,1.8,5,4,3,2,1,0,0,0,0,0,0,100,"2068"
"America","Virgin Isl. US","Virgin Isl. US","VIR","high",9,8,7,242,3.5,4,2,0,0,0,0,0,0,0,0,0,100,"2047"
"Africa","Angola","Angola","AGO","low",7065,6044,5341,43994,0.8,4901,4461,4021,3801,3581,3141,2701,2482,2262,1822,1382,74,"2141"
"Africa","Angola","Angola","AGO","mean",7065,6044,5341,70293,1.2,4638,3935,3232,2881,2529,1826,1124,772,421,0,0,100,"2095"
"Africa","Angola","Angola","AGO","high",7065,6044,5341,96591,1.7,4375,3409,2443,1960,1477,512,0,0,0,0,0,100,"2075"
"Africa","Benin","Benin","BEN","low",77,47,32,836,2,24,15,7,3,0,0,0,0,0,0,0,100,"2058"
"Africa","Benin","Benin","BEN","mean",77,47,32,1463,3.7,17,3,0,0,0,0,0,0,0,0,0,100,"2041"
"Africa","Benin","Benin","BEN","high",77,47,32,2090,5.8,11,0,0,0,0,0,0,0,0,0,0,100,"2035"
"Africa","Burundi","Burundi","BDI","low",104,64,55,251,0.4,53,50,48,46,45,43,40,39,38,35,32,66,"2239"
"Africa","Burundi","Burundi","BDI","mean",104,64,55,856,1.4,47,38,29,25,21,12,4,0,0,0,0,100,"2084"
"Africa","Burundi","Burundi","BDI","high",104,64,55,1461,2.6,40,26,11,4,0,0,0,0,0,0,0,100,"2057"
"Africa","Cameroon","Cameroon","CMR","low",23887,23546,22840,57279,0.2,22267,21694,21121,20835,20549,19976,19403,19117,18830,18257,17685,24,"2418"
"Africa","Cameroon","Cameroon","CMR","mean",23887,23546,22840,70641,0.3,22133,21427,20721,20367,20014,19308,18601,18248,17895,17188,16482,28,"2343"
"Africa","Cameroon","Cameroon","CMR","high",23887,23546,22840,84002,0.4,22000,21160,20320,19900,19480,18640,17800,17380,16960,16120,15280,33,"2291"
"Africa","CAR","CAR","CAF","low",9808,9325,8854,33224,0.4,8522,8189,7857,7691,7525,7193,6860,6694,6528,6196,5864,37,"2286"
"Africa","CAR","CAR","CAF","mean",9808,9325,8854,47114,0.5,8383,7911,7440,7205,6969,6498,6027,5791,5556,5085,4613,48,"2207"
"Africa","CAR","CAR","CAF","high",9808,9325,8854,61005,0.7,8244,7634,7024,6719,6414,5803,5193,4888,4583,3973,3363,59,"2165"
"Africa","Comoros","Comoros","COM","low",87,87,83,136,0.2,81,80,78,78,77,76,74,74,73,72,70,17,"2626"
"Africa","Comoros","Comoros","COM","mean",87,87,83,263,0.3,80,77,75,73,72,69,67,65,64,62,59,29,"2333"
"Africa","Comoros","Comoros","COM","high",87,87,83,390,0.5,79,75,71,69,67,63,59,57,55,51,47,41,"2231"
"Africa","Congo","Congo","COG","low",24090,23945,23428,37980,0.2,23048,22669,22289,22099,21909,21529,21149,20959,20770,20390,20010,15,"2636"
"Africa","Congo","Congo","COG","mean",24090,23945,23428,51689,0.2,22911,22394,21878,21619,21361,20844,20327,20068,19810,19293,18776,20,"2473"
"Africa","Congo","Congo","COG","high",24090,23945,23428,65399,0.3,22774,22120,21466,21139,20812,20158,19504,19177,18850,18196,17542,24,"2378"
"Africa","DRC","DRC","COD","low",131298,125605,118283,562240,0.5,112660,107038,101416,98604,95793,90171,84548,81737,78926,73304,67681,44,"2230"
"Africa","DRC","DRC","COD","mean",131298,125605,118283,732153,0.6,110961,103640,96318,92658,88997,81675,74354,70693,67032,59711,52389,55,"2181"
"Africa","DRC","DRC","COD","high",131298,125605,118283,902066,0.7,109262,100242,91221,86711,82200,73180,64159,59649,55138,46118,37097,65,"2151"
"Africa","Eq. Guinea","Eq. Guinea","GNQ","low",2647,2642,2612,2173,0.1,2590,2569,2547,2536,2525,2504,2482,2471,2460,2438,2417,8,"3222"
"Africa","Eq. Guinea","Eq. Guinea","GNQ","mean",2647,2642,2612,2941,0.1,2583,2553,2524,2509,2495,2465,2436,2421,2406,2377,2347,10,"2908"
"Africa","Eq. Guinea","Eq. Guinea","GNQ","high",2647,2642,2612,3710,0.1,2575,2538,2501,2482,2464,2427,2390,2371,2352,2315,2278,13,"2724"
"Africa","Ethiopia","Ethiopia","ETH","low",3799,2824,2214,32558,1.2,1889,1563,1237,1075,912,586,261,98,0,0,0,100,"2088"
"Africa","Ethiopia","Ethiopia","ETH","mean",3799,2824,2214,61036,2.4,1604,993,383,78,0,0,0,0,0,0,0,100,"2056"
"Africa","Ethiopia","Ethiopia","ETH","high",3799,2824,2214,89514,3.7,1319,424,0,0,0,0,0,0,0,0,0,100,"2044"
"Africa","Gabon","Gabon","GAB","low",24129,24101,23985,7866,0,23907,23828,23749,23710,23671,23592,23513,23474,23435,23356,23277,3,"5069"
"Africa","Gabon","Gabon","GAB","mean",24129,24101,23985,11595,0,23869,23753,23637,23579,23522,23406,23290,23232,23174,23058,22942,4,"4088"
"Africa","Gabon","Gabon","GAB","high",24129,24101,23985,15324,0.1,23832,23679,23526,23449,23372,23219,23066,22989,22913,22759,22606,6,"3585"
"Africa","Gambia","Gambia","GMB","low",49,42,31,98,0.2,30,29,28,28,27,26,25,25,24,23,22,53,"2335"
"Africa","Gambia","Gambia","GMB","mean",49,42,31,566,1.4,25,20,14,11,8,3,0,0,0,0,0,100,"2074"
"Africa","Gambia","Gambia","GMB","high",49,42,31,1035,2.8,21,10,0,0,0,0,0,0,0,0,0,100,"2049"
"Africa","Ghana","Ghana","GHA","low",4932,4443,3345,62116,1.5,2724,2103,1482,1171,861,240,0,0,0,0,0,100,"2073"
"Africa","Ghana","Ghana","GHA","mean",4932,4443,3345,109799,2.8,2247,1149,51,0,0,0,0,0,0,0,0,100,"2050"
"Africa","Ghana","Ghana","GHA","high",4932,4443,3345,157481,4.3,1771,196,0,0,0,0,0,0,0,0,0,100,"2041"
"Africa","Guinea","Guinea","GIN","low",1895,1213,837,28448,2.6,552,268,0,0,0,0,0,0,0,0,0,100,"2049"
"Africa","Guinea","Guinea","GIN","mean",1895,1213,837,37643,3.6,460,84,0,0,0,0,0,0,0,0,0,100,"2042"
"Africa","Guinea","Guinea","GIN","high",1895,1213,837,46838,4.8,368,0,0,0,0,0,0,0,0,0,0,100,"2037"
"Africa","Guinea Bissau","Guinea Bissau","GNB","low",398,323,272,3768,1.2,234,197,159,140,121,84,46,27,8,0,0,100,"2092"
"Africa","Guinea Bissau","Guinea Bissau","GNB","mean",398,323,272,5078,1.7,221,171,120,94,69,18,0,0,0,0,0,100,"2073"
"Africa","Guinea Bissau","Guinea Bissau","GNB","high",398,323,272,6387,2.2,208,144,80,49,17,0,0,0,0,0,0,100,"2062"
"Africa","Ivory Coast","Ivory Coast","CIV","low",7734,6299,3954,153578,2.8,2418,882,0,0,0,0,0,0,0,0,0,100,"2045"
"Africa","Ivory Coast","Ivory Coast","CIV","mean",7734,6299,3954,234522,4.6,1609,0,0,0,0,0,0,0,0,0,0,100,"2036"
"Africa","Ivory Coast","Ivory Coast","CIV","high",7734,6299,3954,315466,6.7,799,0,0,0,0,0,0,0,0,0,0,100,"2032"
"Africa","Kenya","Kenya","KEN","low",1199,891,768,5084,0.6,717,666,615,590,564,514,463,437,412,361,310,70,"2171"
"Africa","Kenya","Kenya","KEN","mean",1199,891,768,12324,1.5,645,521,398,336,275,152,28,0,0,0,0,100,"2082"
"Africa","Kenya","Kenya","KEN","high",1199,891,768,19564,2.4,572,377,181,83,0,0,0,0,0,0,0,100,"2059"
"Africa","Liberia","Liberia","LBR","low",8906,8653,7908,55838,0.7,7350,6792,6233,5954,5675,5116,4558,4279,4000,3441,2883,61,"2161"
"Africa","Liberia","Liberia","LBR","mean",8906,8653,7908,74471,0.9,7164,6419,5674,5302,4930,4185,3440,3068,2695,1951,1206,78,"2126"
"Africa","Liberia","Liberia","LBR","high",8906,8653,7908,93105,1.1,6977,6046,5115,4650,4184,3253,2322,1857,1391,460,0,95,"2104"
"Africa","Madagascar","Madagascar","MDG","low",7024,5541,4574,66586,1.3,3908,3242,2576,2244,1911,1245,579,246,0,0,0,100,"2088"
"Africa","Madagascar","Madagascar","MDG","mean",7024,5541,4574,96645,1.9,3608,2641,1675,1192,708,0,0,0,0,0,0,100,"2067"
"Africa","Madagascar","Madagascar","MDG","high",7024,5541,4574,126704,2.6,3307,2040,773,139,0,0,0,0,0,0,0,100,"2056"
"Africa","Malawi","Malawi","MWI","low",113,70,39,1891,3.1,20,1,0,0,0,0,0,0,0,0,0,100,"2040"
"Africa","Malawi","Malawi","MWI","mean",113,70,39,3147,5.8,7,0,0,0,0,0,0,0,0,0,0,100,"2032"
"Africa","Malawi","Malawi","MWI","high",113,70,39,4404,9.4,0,0,0,0,0,0,0,0,0,0,0,100,"2028"
"Africa","Mauritius","Mauritius","MUS","low",50,47,43,18,0,43,43,43,43,43,43,42,42,42,42,42,15,"4435"
"Africa","Mauritius","Mauritius","MUS","mean",50,47,43,347,0.8,40,37,33,31,30,26,23,21,19,16,12,68,"2145"
"Africa","Mauritius","Mauritius","MUS","high",50,47,43,675,1.5,37,30,23,20,16,10,3,0,0,0,0,100,"2084"
"Africa","Mayotte","Mayotte","MYT","low",18,17,12,148,0.9,11,9,8,7,6,5,3,2,2,0,0,99,"2101"
"Africa","Mayotte","Mayotte","MYT","mean",18,17,12,511,3.5,7,2,0,0,0,0,0,0,0,0,0,100,"2043"
"Africa","Mayotte","Mayotte","MYT","high",18,17,12,874,6.8,3,0,0,0,0,0,0,0,0,0,0,100,"2033"
"Africa","Nigeria","Nigeria","NGA","low",7770,7214,6197,66695,1,5530,4863,4197,3863,3530,2863,2196,1862,1529,862,195,89,"2112"
"Africa","Nigeria","Nigeria","NGA","mean",7770,7214,6197,101634,1.5,5181,4165,3148,2640,2132,1116,99,0,0,0,0,100,"2080"
"Africa","Nigeria","Nigeria","NGA","high",7770,7214,6197,136573,2.1,4832,3466,2100,1417,734,0,0,0,0,0,0,100,"2065"
"Africa","Reunion","Reunion","REU","low",142,142,134,480,0.3,130,125,120,118,115,110,106,103,101,96,91,32,"2300"
"Africa","Reunion","Reunion","REU","mean",142,142,134,722,0.5,127,120,113,109,106,98,91,88,84,77,69,46,"2206"
"Africa","Reunion","Reunion","REU","high",142,142,134,964,0.7,125,115,106,101,96,86,77,72,67,57,48,60,"2159"
"Africa","Rwanda","Rwanda","RWA","low",284,195,160,1296,0.7,147,134,121,115,108,95,82,76,69,56,43,80,"2143"
"Africa","Rwanda","Rwanda","RWA","mean",284,195,160,3434,1.9,126,91,57,40,23,0,0,0,0,0,0,100,"2066"
"Africa","Rwanda","Rwanda","RWA","high",284,195,160,5572,3.3,104,49,0,0,0,0,0,0,0,0,0,100,"2048"
"Africa","Senegal","Senegal","SEN","low",136,126,109,41,0,109,108,108,108,107,107,107,106,106,106,105,22,"4679"
"Africa","Senegal","Senegal","SEN","mean",136,126,109,1736,1.5,92,74,57,48,40,22,5,0,0,0,0,100,"2082"
"Africa","Senegal","Senegal","SEN","high",136,126,109,3431,3.1,75,40,6,0,0,0,0,0,0,0,0,100,"2051"
"Africa","Sierra Leone","Sierra Leone","SLE","low",3440,2260,1414,59064,3,824,233,0,0,0,0,0,0,0,0,0,100,"2043"
"Africa","Sierra Leone","Sierra Leone","SLE","mean",3440,2260,1414,84563,4.6,569,0,0,0,0,0,0,0,0,0,0,100,"2036"
"Africa","Sierra Leone","Sierra Leone","SLE","high",3440,2260,1414,110062,6.5,314,0,0,0,0,0,0,0,0,0,0,100,"2032"
"Africa","South Sudan","South Sudan","SSD","low",265,201,167,2248,1.2,144,122,99,88,77,54,32,20,9,0,0,100,"2094"
"Africa","South Sudan","South Sudan","SSD","mean",265,201,167,3493,1.9,132,97,62,44,27,0,0,0,0,0,0,100,"2067"
"Africa","South Sudan","South Sudan","SSD","high",265,201,167,4738,2.6,119,72,24,1,0,0,0,0,0,0,0,100,"2055"
"Africa","Tanzania","Tanzania","TZA","low",1431,1191,1084,6573,0.6,1018,953,887,854,821,756,690,657,624,558,493,61,"2184"
"Africa","Tanzania","Tanzania","TZA","mean",1431,1191,1084,10689,0.9,977,870,764,710,657,550,443,389,336,229,122,84,"2121"
"Africa","Tanzania","Tanzania","TZA","high",1431,1191,1084,14804,1.3,936,788,640,566,492,344,196,122,48,0,0,100,"2093"
"Africa","Togo","Togo","TGO","low",160,103,66,1930,2.1,47,28,8,0,0,0,0,0,0,0,0,100,"2054"
"Africa","Togo","Togo","TGO","mean",160,103,66,3693,4.3,29,0,0,0,0,0,0,0,0,0,0,100,"2037"
"Africa","Togo","Togo","TGO","high",160,103,66,5456,7.3,12,0,0,0,0,0,0,0,0,0,0,100,"2032"
"Africa","Uganda","Uganda","UGA","low",1879,1087,758,19529,2,562,367,172,74,0,0,0,0,0,0,0,100,"2058"
"Africa","Uganda","Uganda","UGA","mean",1879,1087,758,32878,3.5,429,100,0,0,0,0,0,0,0,0,0,100,"2043"
"Africa","Uganda","Uganda","UGA","high",1879,1087,758,46226,5.4,295,0,0,0,0,0,0,0,0,0,0,100,"2036"
"Africa","Zambia","Zambia","ZMB","low",177,114,81,1931,1.8,62,42,23,13,4,0,0,0,0,0,0,100,"2061"
"Africa","Zambia","Zambia","ZMB","mean",177,114,81,3294,3.4,48,15,0,0,0,0,0,0,0,0,0,100,"2044"
"Africa","Zambia","Zambia","ZMB","high",177,114,81,4658,5.1,34,0,0,0,0,0,0,0,0,0,0,100,"2037"
"Asia","Australia","Australia – Queensland","QLD","low",2055,1876,1764,6349,0.3,1701,1637,1574,1542,1510,1447,1383,1352,1320,1256,1193,39,"2297"
"Asia","Australia","Australia – Queensland","QLD","mean",2055,1876,1764,11131,0.6,1653,1542,1430,1375,1319,1208,1097,1041,985,874,763,57,"2178"
"Asia","Australia","Australia – Queensland","QLD","high",2055,1876,1764,15912,0.9,1605,1446,1287,1207,1128,969,810,730,651,491,332,76,"2130"
"Asia","Bangladesh","Bangladesh","BGD","low",963,816,771,2907,0.4,742,713,684,669,655,626,596,582,567,538,509,44,"2285"
"Asia","Bangladesh","Bangladesh","BGD","mean",963,816,771,4489,0.6,726,681,636,614,591,546,502,479,457,412,367,57,"2191"
"Asia","Bangladesh","Bangladesh","BGD","high",963,816,771,6071,0.8,710,649,589,558,528,467,407,376,346,285,224,70,"2146"
"Asia","Bhutan","Bhutan","BTN","low",1990,1872,1802,4133,0.2,1760,1719,1678,1657,1636,1595,1554,1533,1512,1471,1430,26,"2455"
"Asia","Bhutan","Bhutan","BTN","mean",1990,1872,1802,7022,0.4,1732,1661,1591,1556,1521,1451,1380,1345,1310,1240,1170,38,"2276"
"Asia","Bhutan","Bhutan","BTN","high",1990,1872,1802,9912,0.5,1703,1604,1504,1455,1405,1306,1207,1157,1108,1009,910,49,"2201"
"Asia","Brunei","Brunei","BRN","low",511,501,494,499,0.1,489,484,479,477,474,469,464,462,459,454,449,11,"3010"
"Asia","Brunei","Brunei","BRN","mean",511,501,494,668,0.1,488,481,474,471,468,461,454,451,448,441,434,14,"2759"
"Asia","Brunei","Brunei","BRN","high",511,501,494,838,0.2,486,478,469,465,461,452,444,440,436,427,419,16,"2609"
"Asia","Cambodia","Cambodia","KHM","low",4804,3864,2753,79030,2.3,1963,1173,383,0,0,0,0,0,0,0,0,100,"2054"
"Asia","Cambodia","Cambodia","KHM","mean",4804,3864,2753,111024,3.3,1643,533,0,0,0,0,0,0,0,0,0,100,"2044"
"Asia","Cambodia","Cambodia","KHM","high",4804,3864,2753,143017,4.5,1323,0,0,0,0,0,0,0,0,0,0,100,"2039"
"Asia","Fiji","Fiji","FJI","low",1005,958,924,1767,0.2,907,889,871,862,854,836,818,809,801,783,765,22,"2543"
"Asia","Fiji","Fiji","FJI","mean",1005,958,924,3300,0.4,891,858,825,809,792,759,726,710,693,660,627,34,"2300"
"Asia","Fiji","Fiji","FJI","high",1005,958,924,4832,0.5,876,828,779,755,731,683,634,610,586,538,489,46,"2211"
"Asia","India","India – Andaman and N.","AN","low",612,591,572,388,0.1,568,564,560,558,556,552,548,546,545,541,537,12,"3493"
"Asia","India","India – Andaman and N.","AN","mean",612,591,572,1875,0.3,553,534,515,506,497,478,459,450,440,422,403,31,"2324"
"Asia","India","India – Andaman and N.","AN","high",612,591,572,3363,0.6,538,504,471,454,437,404,370,353,336,303,269,51,"2189"
"Asia","India","India – North-East","NE","low",7023,5941,5560,24962,0.4,5310,5061,4811,4686,4561,4312,4062,3937,3813,3563,3313,49,"2242"
"Asia","India","India – North-East","NE","mean",7023,5941,5560,38134,0.7,5179,4797,4416,4225,4034,3653,3272,3081,2890,2509,2128,64,"2165"
"Asia","India","India – North-East","NE","high",7023,5941,5560,51305,0.9,5047,4534,4021,3764,3508,2995,2482,2225,1969,1455,942,79,"2128"
"Asia","India","India – West. Ghats","WG","low",3144,2704,2236,28945,1.1,1947,1658,1368,1223,1079,789,500,355,210,0,0,100,"2097"
"Asia","India","India – West. Ghats","WG","mean",3144,2704,2236,46740,1.9,1769,1302,834,601,367,0,0,0,0,0,0,100,"2067"
"Asia","India","India – West. Ghats","WG","high",3144,2704,2236,64536,2.7,1591,946,300,0,0,0,0,0,0,0,0,100,"2054"
"Asia","Indonesia","Indonesia","IDN","low",139358,126473,117072,646351,0.5,110609,104145,97682,94450,91218,84755,78291,75060,71828,65364,58901,53,"2201"
"Asia","Indonesia","Indonesia","IDN","mean",139358,126473,117072,939867,0.8,107674,98275,88876,84177,79478,70079,60680,55981,51282,41883,32484,70,"2144"
"Asia","Indonesia","Indonesia","IDN","high",139358,126473,117072,1233384,1,104739,92405,80071,73904,67737,55403,43069,36902,30736,18402,6068,87,"2114"
"Asia","Laos","Laos","LAO","low",11607,9690,8308,108579,1.2,7222,6136,5050,4507,3965,2879,1793,1250,707,0,0,100,"2096"
"Asia","Laos","Laos","LAO","mean",11607,9690,8308,138221,1.5,6926,5543,4161,3470,2779,1397,14,0,0,0,0,100,"2080"
"Asia","Laos","Laos","LAO","high",11607,9690,8308,167863,1.9,6629,4950,3272,2433,1593,0,0,0,0,0,0,100,"2069"
"Asia","Malaysia","Malaysia","MYS","low",25676,22315,20147,161714,0.7,18530,16913,15296,14487,13679,12061,10444,9636,8827,7210,5593,72,"2144"
"Asia","Malaysia","Malaysia","MYS","mean",25676,22315,20147,216762,1,17979,15812,13644,12560,11477,9309,7141,6058,4974,2806,639,89,"2112"
"Asia","Malaysia","Malaysia","MYS","high",25676,22315,20147,271809,1.3,17429,14711,11993,10634,9275,6557,3839,2480,1120,0,0,100,"2094"
"Asia","Myanmar","Myanmar","MMR","low",18279,15380,13728,108006,0.7,12648,11568,10488,9948,9407,8327,7247,6707,6167,5087,4007,72,"2147"
"Asia","Myanmar","Myanmar","MMR","mean",18279,15380,13728,165195,1.1,12076,10424,8772,7946,7120,5468,3816,2990,2164,512,0,97,"2103"
"Asia","Myanmar","Myanmar","MMR","high",18279,15380,13728,222384,1.5,11504,9280,7056,5944,4832,2609,385,0,0,0,0,100,"2081"
"Asia","New Caledonia","New Caledonia","NCL","low",905,879,855,1490,0.2,840,825,810,803,795,780,765,758,750,735,721,19,"2593"
"Asia","New Caledonia","New Caledonia","NCL","mean",905,879,855,2425,0.3,830,806,782,770,758,733,709,697,685,661,636,27,"2372"
"Asia","New Caledonia","New Caledonia","NCL","high",905,879,855,3359,0.4,821,787,754,737,720,687,653,636,620,586,552,35,"2274"
"Asia","Papua New Guinea","Papua New Guinea","PNG","low",40366,39791,39304,29465,0.1,39009,38715,38420,38273,38125,37831,37536,37389,37241,36947,36652,8,"3353"
"Asia","Papua New Guinea","Papua New Guinea","PNG","mean",40366,39791,39304,48691,0.1,38817,38330,37843,37600,37356,36869,36383,36139,35896,35409,34922,12,"2827"
"Asia","Papua New Guinea","Papua New Guinea","PNG","high",40366,39791,39304,67917,0.2,38625,37946,37266,36927,36587,35908,35229,34889,34550,33871,33191,16,"2598"
"Asia","Philippines","Philippines","PHL","low",14756,13684,12753,49915,0.4,12254,11755,11255,11006,10756,10257,9758,9508,9259,8760,8261,41,"2275"
"Asia","Philippines","Philippines","PHL","mean",14756,13684,12753,93052,0.7,11822,10892,9961,9496,9031,8100,7170,6705,6239,5309,4378,64,"2157"
"Asia","Philippines","Philippines","PHL","high",14756,13684,12753,136189,1,11391,10029,8667,7986,7305,5943,4582,3901,3220,1858,496,87,"2113"
"Asia","Singapore","Singapore","SGP","low",17,15,14,90,0.6,13,12,11,11,10,9,8,8,7,7,6,61,"2172"
"Asia","Singapore","Singapore","SGP","mean",17,15,14,147,1,12,11,9,9,8,6,5,4,3,2,1,88,"2113"
"Asia","Singapore","Singapore","SGP","high",17,15,14,204,1.4,12,10,8,7,6,4,1,0,0,0,0,100,"2087"
"Asia","Solomon Isl.","Solomon Isl.","SLB","low",2762,2757,2739,1065,0,2729,2718,2707,2702,2697,2686,2676,2670,2665,2654,2644,4,"4592"
"Asia","Solomon Isl.","Solomon Isl.","SLB","mean",2762,2757,2739,1751,0.1,2722,2704,2687,2678,2669,2652,2634,2626,2617,2599,2582,6,"3584"
"Asia","Solomon Isl.","Solomon Isl.","SLB","high",2762,2757,2739,2437,0.1,2715,2691,2666,2654,2642,2618,2593,2581,2569,2544,2520,8,"3144"
"Asia","Sri Lanka","Sri Lanka","LKA","low",2088,1735,1594,8139,0.5,1513,1432,1350,1309,1269,1187,1106,1065,1025,943,862,55,"2215"
"Asia","Sri Lanka","Sri Lanka","LKA","mean",2088,1735,1594,14060,0.8,1454,1313,1173,1102,1032,891,751,680,610,470,329,78,"2133"
"Asia","Sri Lanka","Sri Lanka","LKA","high",2088,1735,1594,19981,1.2,1394,1195,995,895,795,595,395,296,196,0,0,100,"2099"
"Asia","Thailand","Thailand","THA","low",7188,6341,5815,33106,0.5,5484,5153,4822,4656,4491,4160,3829,3663,3498,3167,2836,56,"2195"
"Asia","Thailand","Thailand","THA","mean",7188,6341,5815,52603,0.9,5289,4763,4237,3974,3711,3185,2659,2396,2133,1607,1081,78,"2130"
"Asia","Thailand","Thailand","THA","high",7188,6341,5815,72100,1.2,5094,4373,3652,3292,2931,2210,1489,1129,768,47,0,99,"2100"
"Asia","Timor-Leste","Timor-Leste","TLS","low",131,89,78,422,0.5,73,69,65,63,61,57,52,50,48,44,40,66,"2203"
"Asia","Timor-Leste","Timor-Leste","TLS","mean",131,89,78,1173,1.4,66,54,42,37,31,19,7,1,0,0,0,100,"2086"
"Asia","Timor-Leste","Timor-Leste","TLS","high",131,89,78,1925,2.4,58,39,20,10,1,0,0,0,0,0,0,100,"2060"
"Asia","Vanuatu","Vanuatu","VUT","low",1158,1158,1152,256,0,1150,1147,1144,1143,1142,1139,1137,1136,1134,1132,1129,2,"6520"
"Asia","Vanuatu","Vanuatu","VUT","mean",1158,1158,1152,564,0,1147,1141,1135,1132,1130,1124,1118,1116,1113,1107,1101,4,"4062"
"Asia","Vanuatu","Vanuatu","VUT","high",1158,1158,1152,873,0.1,1143,1135,1126,1122,1117,1109,1100,1095,1091,1082,1074,7,"3339"
"Asia","Vietnam","Vietnam","VNM","low",10692,8628,7599,73716,0.9,6862,6125,5388,5019,4650,3913,3176,2807,2439,1702,965,84,"2123"
"Asia","Vietnam","Vietnam","VNM","mean",10692,8628,7599,102909,1.3,6570,5541,4512,3997,3483,2454,1424,910,395,0,0,100,"2093"
"Asia","Vietnam","Vietnam","VNM","high",10692,8628,7599,132102,1.6,6278,4957,3636,2975,2315,994,0,0,0,0,0,100,"2077"
